<?xml version = "1.0" encoding = "utf-8"?>
<!DOCTYPE hibernate-configuration PUBLIC 
	"-//Hibernate/Hibernate Configuration DTD 3.0//EN"
	"http://www.hibernate.org/dtd/hibernate-configuration-3.0.dtd">
<hibernate-configuration>
   <session-factory>
   
      
      <property name = "hibernate.connection.driver_class">com.mysql.jdbc.Driver</property>      
            
      <property name = "hibernate.connection.url">jdbc:mysql://localhost:3306/db1</property>      
      <property name = "hibernate.connection.username">root</property>      
      <property name = "hibernate.connection.password">Yashn@1234</property>
      <property name = "show_sql">true</property>
      
      <!-- List of XML mapping files -->
      <mapping resource = "com.HBDemo.Employee"/>
      
   </session-factory>
</hibernate-configuration>